{
  "analysis_info": {
    "target": "Left_Insula",
    "optimization_type": "normal",
    "questions": [
      "Q3",
      "comparisons"
    ],
    "timestamp": "2025-07-29T23:57:26.248968"
  },
  "results": {
    "comparisons": {
      "ernie_vs_mapped": {
        "comparison_results": {
          "ROI_Mean": {
            "diff": 0.00988621621621627,
            "percent_change": 3.277247681763223,
            "z_score": 0.26271970608717493,
            "p_value": 8.340275521747786e-08,
            "cohens_d": 1.1002359728933548,
            "significant": "True",
            "mean_a": 0.3016621621621621,
            "mean_b": 0.31154837837837834,
            "std_a": 0.03799339706194099,
            "std_b": 0.03726362557683607,
            "n": 37
          },
          "ROI_Max": {
            "diff": 0.017701864864864802,
            "percent_change": 3.995447048853623,
            "z_score": 0.3405479966176223,
            "p_value": 0.0005109724109923686,
            "cohens_d": 0.6276716918823053,
            "significant": "True",
            "mean_a": 0.4430509189189189,
            "mean_b": 0.4607527837837837,
            "std_a": 0.050545553729822314,
            "std_b": 0.0533769397519686,
            "n": 37
          },
          "ROI_Focality": {
            "diff": -0.022588702702702523,
            "percent_change": -1.4829167873255353,
            "z_score": -0.2676870449047588,
            "p_value": 0.1385316828288664,
            "cohens_d": -0.24904657512136355,
            "significant": "False",
            "mean_a": 1.5232616486486485,
            "mean_b": 1.500672945945946,
            "std_a": 0.06991971114198539,
            "std_b": 0.09670989590521227,
            "n": 37
          },
          "Normal_Mean": {
            "diff": 0.0005682162162162219,
            "percent_change": 0.2635274015100207,
            "z_score": 0.022076893903060578,
            "p_value": 0.5752066476018189,
            "cohens_d": 0.09297616541124135,
            "significant": "False",
            "mean_a": 0.2156194054054054,
            "mean_b": 0.2161876216216216,
            "std_a": 0.026230849538768766,
            "std_b": 0.025235630521096505,
            "n": 37
          },
          "Normal_Max": {
            "diff": 0.013094135135135077,
            "percent_change": 3.4362351046038566,
            "z_score": 0.27407834605676207,
            "p_value": 0.0019263097310164162,
            "cohens_d": 0.5501318656232237,
            "significant": "True",
            "mean_a": 0.38106051351351355,
            "mean_b": 0.39415464864864863,
            "std_a": 0.05091800804759093,
            "std_b": 0.04441043905448371,
            "n": 37
          }
        },
        "summary_report": "STATISTICAL ANALYSIS REPORT\n==================================================\n\nAnalysis Type: Comparison\nTarget: Left_Insula\nOptimization: normal\nComparison: ernie vs mapped\n\nStudy Design: Within-subjects comparison\nVariables Analyzed: ROI_Mean, ROI_Max, ROI_Focality, Normal_Mean, Normal_Max\n\nRESULTS:\n------------------------------\nROI_MEAN: higher in condition B (0.010 = +3.3% = +0.26 SD)\n  p = 0.000, Cohen's d = 1.10 - **SIGNIFICANT**\n\nROI_MAX: higher in condition B (0.018 = +4.0% = +0.34 SD)\n  p = 0.001, Cohen's d = 0.63 - **SIGNIFICANT**\n\nROI_FOCALITY: lower in condition B (-0.023 = -1.5% = -0.27 SD)\n  p = 0.139, Cohen's d = -0.25 - Not significant\n\nNORMAL_MEAN: higher in condition B (0.001 = +0.3% = +0.02 SD)\n  p = 0.575, Cohen's d = 0.09 - Not significant\n\nNORMAL_MAX: higher in condition B (0.013 = +3.4% = +0.27 SD)\n  p = 0.002, Cohen's d = 0.55 - **SIGNIFICANT**\n"
      },
      "ernie_vs_optimized": {
        "comparison_results": {
          "ROI_Mean": {
            "diff": 0.015979702702702825,
            "percent_change": 5.297218115844687,
            "z_score": 0.4070314736196223,
            "p_value": 2.5408507106052527e-10,
            "cohens_d": 1.4228351435371003,
            "significant": "True",
            "mean_a": 0.3016621621621621,
            "mean_b": 0.3176418648648649,
            "std_a": 0.03799339706194099,
            "std_b": 0.04048531593276352,
            "n": 37
          },
          "ROI_Max": {
            "diff": 0.027317972972973004,
            "percent_change": 6.165876608411315,
            "z_score": 0.5096572578109992,
            "p_value": 2.417534410932604e-07,
            "cohens_d": 1.0429399210825316,
            "significant": "True",
            "mean_a": 0.4430509189189189,
            "mean_b": 0.4703688918918919,
            "std_a": 0.050545553729822314,
            "std_b": 0.05649081068623451,
            "n": 37
          },
          "ROI_Focality": {
            "diff": -0.027212486486486442,
            "percent_change": -1.7864617356202606,
            "z_score": -0.3291618736667277,
            "p_value": 0.07466260433481155,
            "cohens_d": -0.3017987372155041,
            "significant": "False",
            "mean_a": 1.5232616486486485,
            "mean_b": 1.496049162162162,
            "std_a": 0.06991971114198539,
            "std_b": 0.0937046920011401,
            "n": 37
          },
          "Normal_Mean": {
            "diff": 0.0101475675675676,
            "percent_change": 4.706240400064293,
            "z_score": 0.3723035466561875,
            "p_value": 1.5533419221990466e-10,
            "cohens_d": 1.4513876262867598,
            "significant": "True",
            "mean_a": 0.2156194054054054,
            "mean_b": 0.225766972972973,
            "std_a": 0.026230849538768766,
            "std_b": 0.02824428773465775,
            "n": 37
          },
          "Normal_Max": {
            "diff": 0.02057118918918921,
            "percent_change": 5.398404835892212,
            "z_score": 0.40899101241658614,
            "p_value": 3.4783796904097457e-06,
            "cohens_d": 0.9003821067151178,
            "significant": "True",
            "mean_a": 0.38106051351351355,
            "mean_b": 0.40163170270270276,
            "std_a": 0.05091800804759093,
            "std_b": 0.04966906112565048,
            "n": 37
          }
        },
        "summary_report": "STATISTICAL ANALYSIS REPORT\n==================================================\n\nAnalysis Type: Comparison\nTarget: Left_Insula\nOptimization: normal\nComparison: ernie vs optimized\n\nStudy Design: Within-subjects comparison\nVariables Analyzed: ROI_Mean, ROI_Max, ROI_Focality, Normal_Mean, Normal_Max\n\nRESULTS:\n------------------------------\nROI_MEAN: higher in condition B (0.016 = +5.3% = +0.41 SD)\n  p = 0.000, Cohen's d = 1.42 - **SIGNIFICANT**\n\nROI_MAX: higher in condition B (0.027 = +6.2% = +0.51 SD)\n  p = 0.000, Cohen's d = 1.04 - **SIGNIFICANT**\n\nROI_FOCALITY: lower in condition B (-0.027 = -1.8% = -0.33 SD)\n  p = 0.075, Cohen's d = -0.30 - Not significant\n\nNORMAL_MEAN: higher in condition B (0.010 = +4.7% = +0.37 SD)\n  p = 0.000, Cohen's d = 1.45 - **SIGNIFICANT**\n\nNORMAL_MAX: higher in condition B (0.021 = +5.4% = +0.41 SD)\n  p = 0.000, Cohen's d = 0.90 - **SIGNIFICANT**\n"
      },
      "mapped_vs_optimized": {
        "comparison_results": {
          "ROI_Mean": {
            "diff": 0.0060934864864865546,
            "percent_change": 1.9558716749557141,
            "z_score": 0.15661336957107688,
            "p_value": 0.0013260130378735914,
            "cohens_d": 0.5723378115827952,
            "significant": "True",
            "mean_a": 0.31154837837837834,
            "mean_b": 0.3176418648648649,
            "std_a": 0.03726362557683607,
            "std_b": 0.04048531593276352,
            "n": 37
          },
          "ROI_Max": {
            "diff": 0.009616108108108201,
            "percent_change": 2.087042866922911,
            "z_score": 0.17497852165868175,
            "p_value": 0.01448976032236966,
            "cohens_d": 0.4223408073165228,
            "significant": "True",