{
  "analysis_info": {
    "target": "Right_Hippocampus",
    "optimization_type": "max",
    "questions": [
      "Q3",
      "comparisons"
    ],
    "timestamp": "2025-07-30T00:35:27.939515"
  },
  "results": {
    "comparisons": {
      "ernie_vs_mapped": {
        "comparison_results": {
          "ROI_Mean": {
            "diff": -0.00037351351351344597,
            "percent_change": -0.14552995068511757,
            "z_score": -0.009490675222960899,
            "p_value": 0.9717629662158129,
            "cohens_d": -0.005859873006449338,
            "significant": "False",
            "mean_a": 0.25665748648648645,
            "mean_b": 0.256283972972973,
            "std_a": 0.024074726590834282,
            "std_b": 0.050181392183472465,
            "n": 37
          },
          "ROI_Max": {
            "diff": 0.004839702702702731,
            "percent_change": 1.1655151388290153,
            "z_score": 0.06309587020313855,
            "p_value": 0.8148434504417295,
            "cohens_d": 0.03878252688750739,
            "significant": "False",
            "mean_a": 0.41524151351351346,
            "mean_b": 0.4200812162162162,
            "std_a": 0.05134759414878041,
            "std_b": 0.09555321858528631,
            "n": 37
          },
          "ROI_Focality": {
            "diff": -0.10043791891891884,
            "percent_change": -7.137859926036906,
            "z_score": -0.6176988245114973,
            "p_value": 0.01892852417737629,
            "cohens_d": -0.40405021877817787,
            "significant": "True",
            "mean_a": 1.4071152972972971,
            "mean_b": 1.3066773783783783,
            "std_a": 0.06942841844177226,
            "std_b": 0.21921977450385155,
            "n": 37
          }
        },
        "summary_report": "STATISTICAL ANALYSIS REPORT\n==================================================\n\nAnalysis Type: Comparison\nTarget: Right_Hippocampus\nOptimization: max\nComparison: ernie vs mapped\n\nStudy Design: Within-subjects comparison\nVariables Analyzed: ROI_Mean, ROI_Max, ROI_Focality\n\nRESULTS:\n------------------------------\nROI_MEAN: lower in condition B (-0.000 = -0.1% = -0.01 SD)\n  p = 0.972, Cohen's d = -0.01 - Not significant\n\nROI_MAX: higher in condition B (0.005 = +1.2% = +0.06 SD)\n  p = 0.815, Cohen's d = 0.04 - Not significant\n\nROI_FOCALITY: lower in condition B (-0.100 = -7.1% = -0.62 SD)\n  p = 0.019, Cohen's d = -0.40 - **SIGNIFICANT**\n"
      },
      "ernie_vs_optimized": {
        "comparison_results": {
          "ROI_Mean": {
            "diff": 0.014995324324324322,
            "percent_change": 5.84254312219872,
            "z_score": 0.3628832187472763,
            "p_value": 0.052754169335766384,
            "cohens_d": 0.3292864483445337,
            "significant": "False",
            "mean_a": 0.25665748648648645,
            "mean_b": 0.2716528108108108,
            "std_a": 0.024074726590834282,
            "std_b": 0.05324981819887476,
            "n": 37
          },
          "ROI_Max": {
            "diff": 0.0293485945945946,
            "percent_change": 7.067837304190803,
            "z_score": 0.3789389798254844,
            "p_value": 0.03180207553761775,
            "cohens_d": 0.3672288938134777,
            "significant": "True",
            "mean_a": 0.41524151351351346,
            "mean_b": 0.44459010810810806,
            "std_a": 0.05134759414878041,
            "std_b": 0.09674834384450542,
            "n": 37
          },
          "ROI_Focality": {
            "diff": -0.05854259459459432,
            "percent_change": -4.160468918718988,
            "z_score": -0.322415845643483,
            "p_value": 0.14843299414226746,
            "cohens_d": -0.24277906395404866,
            "significant": "False",
            "mean_a": 1.4071152972972971,
            "mean_b": 1.3485727027027028,
            "std_a": 0.06942841844177226,
            "std_b": 0.24722159087388526,
            "n": 37
          }
        },
        "summary_report": "STATISTICAL ANALYSIS REPORT\n==================================================\n\nAnalysis Type: Comparison\nTarget: Right_Hippocampus\nOptimization: max\nComparison: ernie vs optimized\n\nStudy Design: Within-subjects comparison\nVariables Analyzed: ROI_Mean, ROI_Max, ROI_Focality\n\nRESULTS:\n------------------------------\nROI_MEAN: higher in condition B (0.015 = +5.8% = +0.36 SD)\n  p = 0.053, Cohen's d = 0.33 - Not significant\n\nROI_MAX: higher in condition B (0.029 = +7.1% = +0.38 SD)\n  p = 0.032, Cohen's d = 0.37 - **SIGNIFICANT**\n\nROI_FOCALITY: lower in condition B (-0.059 = -4.2% = -0.32 SD)\n  p = 0.148, Cohen's d = -0.24 - Not significant\n"
      },
      "mapped_vs_optimized": {
        "comparison_results": {
          "ROI_Mean": {
            "diff": 0.015368837837837768,
            "percent_change": 5.996800213276904,
            "z_score": 0.2970492029594237,
            "p_value": 0.254906386823468,
            "cohens_d": 0.19020379376902025,
            "significant": "False",
            "mean_a": 0.256283972972973,
            "mean_b": 0.2716528108108108,
            "std_a": 0.050181392183472465,
            "std_b": 0.05324981819887476,
            "n": 37
          },
          "ROI_Max": {
            "diff": 0.02450889189189187,
            "percent_change": 5.8343222562175026,
            "z_score": 0.25489567818250425,
            "p_value": 0.331683537751414,
            "cohens_d": 0.1617683840707839,
            "significant": "False",
            "mean_a": 0.4200812162162162,
            "mean_b": 0.44459010810810806,
            "std_a": 0.09555321858528631,
            "std_b": 0.09674834384450542,
            "n": 37
          },
          "ROI_Focality": {
            "diff": 0.04189532432432452,
            "percent_change": 3.206248536751876,
            "z_score": 0.17931528646253023,
            "p_value": 0.44323714991512153,
            "cohens_d": 0.12745529191496155,
            "significant": "False",
            "mean_a": 1.3066773783783783,
            "mean_b": 1.3485727027027028,
            "std_a": 0.21921977450385155,
            "std_b": 0.24722159087388526,
            "n": 37
          }
        },
        "summary_report": "STATISTICAL ANALYSIS REPORT\n==================================================\n\nAnalysis Type: Comparison\nTarget: Right_Hippocampus\nOptimization: max\nComparison: mapped vs optimized\n\nStudy Design: Within-subjects comparison\nVariables Analyzed: ROI_Mean, ROI_Max, ROI_Focality\n\nRESULTS:\n------------------------------\nROI_MEAN: higher in condition B (0.015 = +6.0% = +0.30 SD)\n  p = 0.255, Cohen's d = 0.19 - Not significant\n\nROI_MAX: higher in condition B (0.025 = +5.8% = +0.25 SD)\n  p = 0.332, Cohen's d = 0.16 - Not significant\n\nROI_FOCALITY: higher in condition B (0.042 = +3.2% = +0.18 SD)\n  p = 0.443, Cohen's d = 0.13 - Not significant\n"
      }
    },
    "Q3": {
      "analysis_type": "Q3_demographics",
      "target": "Right_Hippocampus",
      "optimization_type": "max",
      "correlation_results": {
        "ROI_Mean": {
          "age": {
            "correlation": 0.006497215740435935,
            "p_value": 0.9700003521847261,
            "significant": "False",
            "n": 36
          },
          "bone_volume": {
            "correlation": -0.41011416688217983,
            "p_value": 0.012983836942454797,
            "significant": "True",
            "n": 36
          },
          "bone_mean_thick": {
            "correlation": -0.38733153024948525,
            "p_value": 0.019600795392352342,
            "significant": "True",
            "n": 36
          }
        },
        "ROI_Max": {
          "age": {
            "correlation": 0.0048022528000180795,
            "p_value": 0.9778242537923861,
            "significant": "False",
            "n": 36
          },
          "bone_volume": {
            "correlation": -0.43829618437869017,