{
  "analysis_info": {
    "region": "Right_Hippocampus",
    "optimization_type": "max",
    "questions": [
      "Q3",
      "pairwise"
    ],
    "timestamp": "2025-08-01T17:22:26.414441",
    "config_file": "settings.yaml"
  },
  "results": {
    "Q3": {
      "analysis_type": "Q3_demographics",
      "target": "Right_Hippocampus",
      "optimization_type": "max",
      "correlation_results": {
        "ROI_Mean": {
          "age": {
            "correlation": -0.05166465846217032,
            "p_value": 0.5954034680151429,
            "significant": "False",
            "n": 108
          },
          "bone_volume": {
            "correlation": -0.401678035147475,
            "p_value": 1.642189788663165e-05,
            "significant": "True",
            "n": 108
          },
          "bone_mean_thick": {
            "correlation": -0.3520984660829445,
            "p_value": 0.00018627202139165835,
            "significant": "True",
            "n": 108
          }
        },
        "ROI_Max": {
          "age": {
            "correlation": -0.100498787550973,
            "p_value": 0.3007231700250046,
            "significant": "False",
            "n": 108
          },
          "bone_volume": {
            "correlation": -0.4474204177380815,
            "p_value": 1.205516674723262e-06,
            "significant": "True",
            "n": 108
          },
          "bone_mean_thick": {
            "correlation": -0.41268396141688646,
            "p_value": 9.066744529550322e-06,
            "significant": "True",
            "n": 108
          }
        }
      },
      "regression_results": {
        "r_squared": 0.1615730808326229,
        "adjusted_r_squared": 0.137387688933564,
        "f_statistic": 6.680606272867949,
        "f_p_value": 0.00036127627890365636,
        "coefficients": {
          "const": 0.3883603282154145,
          "age": 6.697451843951373e-05,
          "bone_volume": -0.0004401295084824964,
          "bone_mean_thick": 0.0014996513151256524
        },
        "p_values": {
          "const": 5.09034772553723e-16,
          "age": 0.8762403485898955,
          "bone_volume": 0.0331090528773987,
          "bone_mean_thick": 0.9496788704497001
        },
        "standard_errors": {
          "const": 0.04042564298522408,
          "age": 0.0004289912883274007,
          "bone_volume": 0.00020381033147157706,
          "bone_mean_thick": 0.023705199985097108
        },
        "n": 108,
        "model_summary": "                            OLS Regression Results                            \n==============================================================================\nDep. Variable:               ROI_Mean   R-squared:                       0.162\nModel:                            OLS   Adj. R-squared:                  0.137\nMethod:                 Least Squares   F-statistic:                     6.681\nDate:                Fri, 01 Aug 2025   Prob (F-statistic):           0.000361\nTime:                        17:22:26   Log-Likelihood:                 191.52\nNo. Observations:                 108   AIC:                            -375.0\nDf Residuals:                     104   BIC:                            -364.3\nDf Model:                           3                                         \nCovariance Type:            nonrobust                                         \n===================================================================================\n                      coef    std err          t      P>|t|      [0.025      0.975]\n-----------------------------------------------------------------------------------\nconst               0.3884      0.040      9.607      0.000       0.308       0.469\nage              6.697e-05      0.000      0.156      0.876      -0.001       0.001\nbone_volume        -0.0004      0.000     -2.160      0.033      -0.001    -3.6e-05\nbone_mean_thick     0.0015      0.024      0.063      0.950      -0.046       0.049\n==============================================================================\nOmnibus:                        1.170   Durbin-Watson:                   2.214\nProb(Omnibus):                  0.557   Jarque-Bera (JB):                0.685\nSkew:                          -0.096   Prob(JB):                        0.710\nKurtosis:                       3.339   Cond. No.                     3.35e+03\n==============================================================================\n\nNotes:\n[1] Standard Errors assume that the covariance matrix of the errors is correctly specified.\n[2] The condition number is large, 3.35e+03. This might indicate that there are\nstrong multicollinearity or other numerical problems."
      },
      "summary_report": "STATISTICAL ANALYSIS REPORT\n==================================================\n\nAnalysis Type: Q3\nTarget: Right_Hippocampus\nOptimization: max\n\nCORRELATION RESULTS:\n--------------------\nROI_Mean vs age: r = -0.052, p = 0.595 - Not significant\nROI_Mean vs bone_volume: r = -0.402, p = 0.000 - **SIGNIFICANT**\nROI_Mean vs bone_mean_thick: r = -0.352, p = 0.000 - **SIGNIFICANT**\nROI_Max vs age: r = -0.100, p = 0.301 - Not significant\nROI_Max vs bone_volume: r = -0.447, p = 0.000 - **SIGNIFICANT**\nROI_Max vs bone_mean_thick: r = -0.413, p = 0.000 - **SIGNIFICANT**\n\nMULTIPLE REGRESSION RESULTS:\n-------------------------\nR\u00b2 = 0.162 (n = 108)\nF-statistic = 6.68, p = 0.000\n\nCoefficients:\n  const: 0.388 (p = 0.000) - **SIGNIFICANT**\n  age: 0.000 (p = 0.876) - Not significant\n  bone_volume: -0.000 (p = 0.033) - **SIGNIFICANT**\n  bone_mean_thick: 0.001 (p = 0.950) - Not significant\n"
    },
    "pairwise": {
      "ernie_vs_mapped": {
        "analysis_type": "pairwise_comparisons",
        "target": "Right_Hippocampus",
        "optimization_type": "max",
        "condition_a": "ernie",
        "condition_b": "mapped",
        "comparison_results": {
          "ROI_Mean": {
            "diff": -0.00037351351351344597,
            "percent_change": -0.14552995068511757,
            "z_score": -0.009490675222960899,
            "mean_a": 0.25665748648648645,
            "mean_b": 0.256283972972973,
            "std_a": 0.024074726590834282,
            "std_b": 0.050181392183472465,
            "n": 37,
            "p_value": 0.9717629662158129,
            "effect_size": -0.005859873006449338,
            "effect_size_name": "Cohen's d",
            "test_used": "t-test",
            "significant": "False",
            "parametric": {
              "test_name": "t-test",
              "statistic": -0.03564421595593601,
              "p_value": 0.9717629662158129,
              "cohens_d": -0.005859873006449338,
              "significant": "False"
            },
            "nonparametric": {
              "test_name": "Wilcoxon signed-rank",
              "statistic": 343.0,
              "p_value": 0.9050843829900259,
              "r_effect_size": 0.021081445815132705,
              "significant": "False"
            },
            "normality": {
              "is_normal": true,
              "shapiro_p_a": 0.2967951881577837,
              "shapiro_p_b": 0.9891896147070469,
              "shapiro_p_diff": 0.9511327489860562,
              "recommended_test": "t-test"
            }
          },
          "ROI_Max": {
            "diff": 0.004839702702702731,
            "percent_change": 1.1655151388290153,
            "z_score": 0.06309587020313855,
            "mean_a": 0.41524151351351346,
            "mean_b": 0.4200812162162162,
            "std_a": 0.05134759414878041,
            "std_b": 0.09555321858528631,
            "n": 37,
            "p_value": 0.8148434504417295,
            "effect_size": 0.03878252688750739,
            "effect_size_name": "Cohen's d",
            "test_used": "t-test",
            "significant": "False",
            "parametric": {
              "test_name": "t-test",
              "statistic": 0.2359049013816132,
              "p_value": 0.8148434504417295,