{
  "analysis_type": "Q3_demographics",
  "target": "Left_Insula",
  "optimization_type": "max",
  "correlation_results": {
    "ROI_Mean": {
      "age": {
        "correlation": -0.19586717317663532,
        "p_value": 0.04219940677455465,
        "significant": "True",
        "n": 108
      },
      "bone_volume": {
        "correlation": -0.6132056539679304,
        "p_value": 1.730693265543413e-12,
        "significant": "True",
        "n": 108
      },
      "bone_mean_thick": {
        "correlation": -0.5610247352439847,
        "p_value": 2.697506052405703e-10,
        "significant": "True",
        "n": 108
      }
    },
    "ROI_Max": {
      "age": {
        "correlation": 0.04302654411447987,
        "p_value": 0.658383008385082,
        "significant": "False",
        "n": 108
      },
      "bone_volume": {
        "correlation": -0.5480284893356171,
        "p_value": 8.312127122727423e-10,
        "significant": "True",
        "n": 108
      },
      "bone_mean_thick": {
        "correlation": -0.46408420427457303,
        "p_value": 4.218757748974882e-07,
        "significant": "True",
        "n": 108
      }
    },
    "Normal_Mean": {
      "age": {
        "correlation": -0.030084986549402906,
        "p_value": 0.757257439590531,
        "significant": "False",
        "n": 108
      },
      "bone_volume": {
        "correlation": -0.5875885405600327,
        "p_value": 2.3094408289366903e-11,
        "significant": "True",
        "n": 108
      },
      "bone_mean_thick": {
        "correlation": -0.536038017327882,
        "p_value": 2.251499411531916e-09,
        "significant": "True",
        "n": 108
      }
    },
    "Normal_Max": {
      "age": {
        "correlation": -0.02107383726146106,
        "p_value": 0.8286125346006704,
        "significant": "False",
        "n": 108
      },
      "bone_volume": {
        "correlation": -0.5325260372937705,
        "p_value": 2.9926001103421406e-09,
        "significant": "True",
        "n": 108
      },
      "bone_mean_thick": {
        "correlation": -0.5266814402443935,
        "p_value": 4.770899773697488e-09,
        "significant": "True",
        "n": 108
      }
    }
  },
  "regression_results": {
    "r_squared": 0.3872499201414856,
    "adjusted_r_squared": 0.3695744370686439,
    "f_statistic": 21.908873355574197,
    "f_p_value": 4.494125216127561e-11,
    "coefficients": {
      "const": 0.5016517449994135,
      "age": -0.00038889077405194935,
      "bone_volume": -0.00045890724820766833,
      "bone_mean_thick": -0.009287425303794561
    },
    "p_values": {
      "const": 1.5381444336169235e-32,
      "age": 0.20694951225923092,
      "bone_volume": 0.002104147377025629,
      "bone_mean_thick": 0.5842908843124242
    },
    "standard_errors": {
      "const": 0.028857719223212935,
      "age": 0.00030623409384685353,
      "bone_volume": 0.00014548936976825486,
      "bone_mean_thick": 0.01692188311142212
    },
    "n": 108,
    "model_summary": "                            OLS Regression Results                            \n==============================================================================\nDep. Variable:               ROI_Mean   R-squared:                       0.387\nModel:                            OLS   Adj. R-squared:                  0.370\nMethod:                 Least Squares   F-statistic:                     21.91\nDate:                Fri, 01 Aug 2025   Prob (F-statistic):           4.49e-11\nTime:                        17:22:19   Log-Likelihood:                 227.92\nNo. Observations:                 108   AIC:                            -447.8\nDf Residuals:                     104   BIC:                            -437.1\nDf Model:                           3                                         \nCovariance Type:            nonrobust                                         \n===================================================================================\n                      coef    std err          t      P>|t|      [0.025      0.975]\n-----------------------------------------------------------------------------------\nconst               0.5017      0.029     17.384      0.000       0.444       0.559\nage                -0.0004      0.000     -1.270      0.207      -0.001       0.000\nbone_volume        -0.0005      0.000     -3.154      0.002      -0.001      -0.000\nbone_mean_thick    -0.0093      0.017     -0.549      0.584      -0.043       0.024\n==============================================================================\nOmnibus:                        2.051   Durbin-Watson:                   1.765\nProb(Omnibus):                  0.359   Jarque-Bera (JB):                1.919\nSkew:                          -0.324   Prob(JB):                        0.383\nKurtosis:                       2.918   Cond. No.                     3.35e+03\n==============================================================================\n\nNotes:\n[1] Standard Errors assume that the covariance matrix of the errors is correctly specified.\n[2] The condition number is large, 3.35e+03. This might indicate that there are\nstrong multicollinearity or other numerical problems."
  },
  "summary_report": "STATISTICAL ANALYSIS REPORT\n==================================================\n\nAnalysis Type: Q3\nTarget: Left_Insula\nOptimization: max\n\nCORRELATION RESULTS:\n--------------------\nROI_Mean vs age: r = -0.196, p = 0.042 - **SIGNIFICANT**\nROI_Mean vs bone_volume: r = -0.613, p = 0.000 - **SIGNIFICANT**\nROI_Mean vs bone_mean_thick: r = -0.561, p = 0.000 - **SIGNIFICANT**\nROI_Max vs age: r = 0.043, p = 0.658 - Not significant\nROI_Max vs bone_volume: r = -0.548, p = 0.000 - **SIGNIFICANT**\nROI_Max vs bone_mean_thick: r = -0.464, p = 0.000 - **SIGNIFICANT**\nNormal_Mean vs age: r = -0.030, p = 0.757 - Not significant\nNormal_Mean vs bone_volume: r = -0.588, p = 0.000 - **SIGNIFICANT**\nNormal_Mean vs bone_mean_thick: r = -0.536, p = 0.000 - **SIGNIFICANT**\nNormal_Max vs age: r = -0.021, p = 0.829 - Not significant\nNormal_Max vs bone_volume: r = -0.533, p = 0.000 - **SIGNIFICANT**\nNormal_Max vs bone_mean_thick: r = -0.527, p = 0.000 - **SIGNIFICANT**\n\nMULTIPLE REGRESSION RESULTS:\n-------------------------\nR\u00b2 = 0.387 (n = 108)\nF-statistic = 21.91, p = 0.000\n\nCoefficients:\n  const: 0.502 (p = 0.000) - **SIGNIFICANT**\n  age: -0.000 (p = 0.207) - Not significant\n  bone_volume: -0.000 (p = 0.002) - **SIGNIFICANT**\n  bone_mean_thick: -0.009 (p = 0.584) - Not significant\n"
}