{
  "analysis_info": {
    "analysis_type": "Q3_demographics",
    "target": "Left_Insula",
    "optimization_type": "max",
    "timestamp": "2025-07-30T19:57:42.684425",
    "n_participants": 36
  },
  "data_quality": {
    "n_participants": 36,
    "missing_values": {
      "Subject_ID": 0,
      "ROI_Mean": 0,
      "ROI_Max": 0,
      "Normal_Mean": 0,
      "Normal_Max": 0,
      "ROI_Focality": 0,
      "sex": 0,
      "age": 0,
      "bone_mean_thick": 0,
      "bone_volume": 0
    },
    "duplicates": "0",
    "numeric_columns": []
  },
  "correlation_results": {
    "ROI_Mean": {
      "age": {
        "correlation": -0.17586894209556828,
        "p_value": 0.3048925679989226,
        "significant": "False",
        "n": 36
      },
      "bone_volume": {
        "correlation": -0.6043061473003706,
        "p_value": 9.500572622145171e-05,
        "significant": "True",
        "n": 36
      },
      "bone_mean_thick": {
        "correlation": -0.5592440860074452,
        "p_value": 0.0003915998504346894,
        "significant": "True",
        "n": 36
      }
    },
    "ROI_Max": {
      "age": {
        "correlation": 0.07003155583149684,
        "p_value": 0.6848461501195442,
        "significant": "False",
        "n": 36
      },
      "bone_volume": {
        "correlation": -0.5649023694918864,
        "p_value": 0.00033145952292940755,
        "significant": "True",
        "n": 36
      },
      "bone_mean_thick": {
        "correlation": -0.522040942966271,
        "p_value": 0.0010921952665005003,
        "significant": "True",
        "n": 36
      }
    },
    "Normal_Mean": {
      "age": {
        "correlation": -0.0020892256710825785,
        "p_value": 0.9903514537779564,
        "significant": "False",
        "n": 36
      },
      "bone_volume": {
        "correlation": -0.5743782909643902,
        "p_value": 0.0002489988430801197,
        "significant": "True",
        "n": 36
      },
      "bone_mean_thick": {
        "correlation": -0.5362027760274071,
        "p_value": 0.0007494798048130635,
        "significant": "True",
        "n": 36
      }
    },
    "Normal_Max": {
      "age": {
        "correlation": 0.021798424188647858,
        "p_value": 0.8995818798788642,
        "significant": "False",
        "n": 36
      },
      "bone_volume": {
        "correlation": -0.517164995350385,
        "p_value": 0.0012387578750042666,
        "significant": "True",
        "n": 36
      },
      "bone_mean_thick": {
        "correlation": -0.5228537478455144,
        "p_value": 0.0010693132098125665,
        "significant": "True",
        "n": 36
      }
    }
  },
  "regression_results": {
    "r_squared": 0.3743597298331771,
    "adjusted_r_squared": 0.31570595450503747,
    "f_statistic": 6.382534248457403,
    "f_p_value": 0.0016305124638586368,
    "coefficients": {
      "const": 0.5122439300585115,
      "age": -0.0003235725651707359,
      "bone_volume": -0.0004452404125853274,
      "bone_mean_thick": -0.012481361216888864
    },
    "p_values": {
      "const": 8.621357918552562e-11,
      "age": 0.5772110601564344,
      "bone_volume": 0.11264028726948595,
      "bone_mean_thick": 0.6968062788553053
    },
    "standard_errors": {
      "const": 0.054138050414307345,
      "age": 0.000574505444557958,
      "bone_volume": 0.00027294294376957484,
      "bone_mean_thick": 0.03174602101798358
    },
    "n": 36,
    "model_summary": "                            OLS Regression Results                            \n==============================================================================\nDep. Variable:               ROI_Mean   R-squared:                       0.374\nModel:                            OLS   Adj. R-squared:                  0.316\nMethod:                 Least Squares   F-statistic:                     6.383\nDate:                Wed, 30 Jul 2025   Prob (F-statistic):            0.00163\nTime:                        19:57:41   Log-Likelihood:                 74.541\nNo. Observations:                  36   AIC:                            -141.1\nDf Residuals:                      32   BIC:                            -134.7\nDf Model:                           3                                         \nCovariance Type:            nonrobust                                         \n===================================================================================\n                      coef    std err          t      P>|t|      [0.025      0.975]\n-----------------------------------------------------------------------------------\nconst               0.5122      0.054      9.462      0.000       0.402       0.623\nage                -0.0003      0.001     -0.563      0.577      -0.001       0.001\nbone_volume        -0.0004      0.000     -1.631      0.113      -0.001       0.000\nbone_mean_thick    -0.0125      0.032     -0.393      0.697      -0.077       0.052\n==============================================================================\nOmnibus:                        2.086   Durbin-Watson:                   1.731\nProb(Omnibus):                  0.352   Jarque-Bera (JB):                1.496\nSkew:                          -0.499   Prob(JB):                        0.473\nKurtosis:                       3.008   Cond. No.                     3.35e+03\n==============================================================================\n\nNotes:\n[1] Standard Errors assume that the covariance matrix of the errors is correctly specified.\n[2] The condition number is large, 3.35e+03. This might indicate that there are\nstrong multicollinearity or other numerical problems."
  },
  "summary_report": "STATISTICAL ANALYSIS REPORT\n==================================================\n\nAnalysis Type: Q3\nTarget: Left_Insula\nOptimization: max\n\nCORRELATION RESULTS:\n--------------------\nROI_Mean vs age: r = -0.176, p = 0.305 - Not significant\nROI_Mean vs bone_volume: r = -0.604, p = 0.000 - **SIGNIFICANT**\nROI_Mean vs bone_mean_thick: r = -0.559, p = 0.000 - **SIGNIFICANT**\nROI_Max vs age: r = 0.070, p = 0.685 - Not significant\nROI_Max vs bone_volume: r = -0.565, p = 0.000 - **SIGNIFICANT**\nROI_Max vs bone_mean_thick: r = -0.522, p = 0.001 - **SIGNIFICANT**\nNormal_Mean vs age: r = -0.002, p = 0.990 - Not significant\nNormal_Mean vs bone_volume: r = -0.574, p = 0.000 - **SIGNIFICANT**\nNormal_Mean vs bone_mean_thick: r = -0.536, p = 0.001 - **SIGNIFICANT**\nNormal_Max vs age: r = 0.022, p = 0.900 - Not significant\nNormal_Max vs bone_volume: r = -0.517, p = 0.001 - **SIGNIFICANT**\nNormal_Max vs bone_mean_thick: r = -0.523, p = 0.001 - **SIGNIFICANT**\n\nMULTIPLE REGRESSION RESULTS:\n-------------------------\nR\u00b2 = 0.374 (n = 36)\nF-statistic = 6.38, p = 0.002\n\nCoefficients:\n  const: 0.512 (p = 0.000) - **SIGNIFICANT**\n  age: -0.000 (p = 0.577) - Not significant\n  bone_volume: -0.000 (p = 0.113) - Not significant\n  bone_mean_thick: -0.012 (p = 0.697) - Not significant\n"
}