{
  "analysis_info": {
    "analysis_type": "Q3_demographics",
    "target": "Left_Insula",
    "optimization_type": "normal",
    "timestamp": "2025-07-29T23:57:29.624387",
    "n_participants": 36
  },
  "data_quality": {
    "n_participants": 36,
    "missing_values": {
      "Subject_ID": 0,
      "ROI_Mean": 0,
      "ROI_Max": 0,
      "Normal_Mean": 0,
      "Normal_Max": 0,
      "ROI_Focality": 0,
      "sex": 0,
      "age": 0,
      "bone_mean_thick": 0,
      "bone_volume": 0
    },
    "duplicates": "0",
    "numeric_columns": []
  },
  "correlation_results": {
    "ROI_Mean": {
      "age": {
        "correlation": 0.03118370993489787,
        "p_value": 0.8567264339562608,
        "significant": "False",
        "n": 36
      },
      "bone_volume": {
        "correlation": -0.64788770241478,
        "p_value": 1.9385401579578278e-05,
        "significant": "True",
        "n": 36
      },
      "bone_mean_thick": {
        "correlation": -0.5781640708415796,
        "p_value": 0.00022156302611540246,
        "significant": "True",
        "n": 36
      }
    },
    "ROI_Max": {
      "age": {
        "correlation": 0.07433243705771184,
        "p_value": 0.6665762612317846,
        "significant": "False",
        "n": 36
      },
      "bone_volume": {
        "correlation": -0.4836832467329565,
        "p_value": 0.0028022669338381954,
        "significant": "True",
        "n": 36
      },
      "bone_mean_thick": {
        "correlation": -0.3810522232539904,
        "p_value": 0.021853882882702312,
        "significant": "True",
        "n": 36
      }
    },
    "Normal_Mean": {
      "age": {
        "correlation": 0.03523814148941409,
        "p_value": 0.8383297741200282,
        "significant": "False",
        "n": 36
      },
      "bone_volume": {
        "correlation": -0.6825186201319748,
        "p_value": 4.5341773341841575e-06,
        "significant": "True",
        "n": 36
      },
      "bone_mean_thick": {
        "correlation": -0.6099588609958617,
        "p_value": 7.833356413295332e-05,
        "significant": "True",
        "n": 36
      }
    },
    "Normal_Max": {
      "age": {
        "correlation": 0.04094661765658608,
        "p_value": 0.8125725741180816,
        "significant": "False",
        "n": 36
      },
      "bone_volume": {
        "correlation": -0.5760908980373369,
        "p_value": 0.0002362318221857841,
        "significant": "True",
        "n": 36
      },
      "bone_mean_thick": {
        "correlation": -0.5562719761068757,
        "p_value": 0.00042693475479459555,
        "significant": "True",
        "n": 36
      }
    }
  },
  "regression_results": {
    "r_squared": 0.48362878544384325,
    "adjusted_r_squared": 0.43521898407920356,
    "f_statistic": 9.990307165298628,
    "f_p_value": 8.456690827217426e-05,
    "coefficients": {
      "const": 0.4703513108713996,
      "age": 0.0011428582467842073,
      "bone_volume": -0.0007810827594087765,
      "bone_mean_thick": 0.012169230958147592
    },
    "p_values": {
      "const": 3.445933013468782e-10,
      "age": 0.05554661443731293,
      "bone_volume": 0.007281979263890762,
      "bone_mean_thick": 0.6936466873249616
    },
    "standard_errors": {
      "const": 0.05273559321422879,
      "age": 0.0005751847480830219,
      "bone_volume": 0.000272493439163586,
      "bone_mean_thick": 0.030615333955960552
    },
    "n": 36,
    "model_summary": "                            OLS Regression Results                            \n==============================================================================\nDep. Variable:               ROI_Mean   R-squared:                       0.484\nModel:                            OLS   Adj. R-squared:                  0.435\nMethod:                 Least Squares   F-statistic:                     9.990\nDate:                Tue, 29 Jul 2025   Prob (F-statistic):           8.46e-05\nTime:                        23:57:28   Log-Likelihood:                 77.000\nNo. Observations:                  36   AIC:                            -146.0\nDf Residuals:                      32   BIC:                            -139.7\nDf Model:                           3                                         \nCovariance Type:            nonrobust                                         \n===================================================================================\n                      coef    std err          t      P>|t|      [0.025      0.975]\n-----------------------------------------------------------------------------------\nconst               0.4704      0.053      8.919      0.000       0.363       0.578\nage                 0.0011      0.001      1.987      0.056   -2.88e-05       0.002\nbone_volume        -0.0008      0.000     -2.866      0.007      -0.001      -0.000\nbone_mean_thick     0.0122      0.031      0.397      0.694      -0.050       0.075\n==============================================================================\nOmnibus:                        0.319   Durbin-Watson:                   1.551\nProb(Omnibus):                  0.852   Jarque-Bera (JB):                0.495\nSkew:                           0.047   Prob(JB):                        0.781\nKurtosis:                       2.433   Cond. No.                     3.52e+03\n==============================================================================\n\nNotes:\n[1] Standard Errors assume that the covariance matrix of the errors is correctly specified.\n[2] The condition number is large, 3.52e+03. This might indicate that there are\nstrong multicollinearity or other numerical problems."
  },
  "summary_report": "STATISTICAL ANALYSIS REPORT\n==================================================\n\nAnalysis Type: Q3\nTarget: Left_Insula\nOptimization: normal\n\nCORRELATION RESULTS:\n--------------------\nROI_Mean vs age: r = 0.031, p = 0.857 - Not significant\nROI_Mean vs bone_volume: r = -0.648, p = 0.000 - **SIGNIFICANT**\nROI_Mean vs bone_mean_thick: r = -0.578, p = 0.000 - **SIGNIFICANT**\nROI_Max vs age: r = 0.074, p = 0.667 - Not significant\nROI_Max vs bone_volume: r = -0.484, p = 0.003 - **SIGNIFICANT**\nROI_Max vs bone_mean_thick: r = -0.381, p = 0.022 - **SIGNIFICANT**\nNormal_Mean vs age: r = 0.035, p = 0.838 - Not significant\nNormal_Mean vs bone_volume: r = -0.683, p = 0.000 - **SIGNIFICANT**\nNormal_Mean vs bone_mean_thick: r = -0.610, p = 0.000 - **SIGNIFICANT**\nNormal_Max vs age: r = 0.041, p = 0.813 - Not significant\nNormal_Max vs bone_volume: r = -0.576, p = 0.000 - **SIGNIFICANT**\nNormal_Max vs bone_mean_thick: r = -0.556, p = 0.000 - **SIGNIFICANT**\n\nMULTIPLE REGRESSION RESULTS:\n-------------------------\nR\u00b2 = 0.484 (n = 36)\nF-statistic = 9.99, p = 0.000\n\nCoefficients:\n  const: 0.470 (p = 0.000) - **SIGNIFICANT**\n  age: 0.001 (p = 0.056) - Not significant\n  bone_volume: -0.001 (p = 0.007) - **SIGNIFICANT**\n  bone_mean_thick: 0.012 (p = 0.694) - Not significant\n"
}