{
  "analysis_info": {
    "analysis_type": "Q3_demographics",
    "target": "Left_Insula",
    "optimization_type": "normal",
    "timestamp": "2025-07-30T19:57:46.271696",
    "n_participants": 36
  },
  "data_quality": {
    "n_participants": 36,
    "missing_values": {
      "Subject_ID": 0,
      "ROI_Mean": 0,
      "ROI_Max": 0,
      "Normal_Mean": 0,
      "Normal_Max": 0,
      "Normal_Focality": 0,
      "sex": 0,
      "age": 0,
      "bone_mean_thick": 0,
      "bone_volume": 0
    },
    "duplicates": "0",
    "numeric_columns": []
  },
  "correlation_results": {
    "ROI_Mean": {
      "age": {
        "correlation": -0.15004917437103957,
        "p_value": 0.38240027140409605,
        "significant": "False",
        "n": 36
      },
      "bone_volume": {
        "correlation": -0.64788770241478,
        "p_value": 1.9385401579578278e-05,
        "significant": "True",
        "n": 36
      },
      "bone_mean_thick": {
        "correlation": -0.5781640708415796,
        "p_value": 0.00022156302611540246,
        "significant": "True",
        "n": 36
      }
    },
    "ROI_Max": {
      "age": {
        "correlation": 0.0974999025423236,
        "p_value": 0.5715947280842707,
        "significant": "False",
        "n": 36
      },
      "bone_volume": {
        "correlation": -0.4836832467329565,
        "p_value": 0.0028022669338381954,
        "significant": "True",
        "n": 36
      },
      "bone_mean_thick": {
        "correlation": -0.3810522232539904,
        "p_value": 0.021853882882702312,
        "significant": "True",
        "n": 36
      }
    },
    "Normal_Mean": {
      "age": {
        "correlation": -0.11657522942708567,
        "p_value": 0.4983547236463896,
        "significant": "False",
        "n": 36
      },
      "bone_volume": {
        "correlation": -0.6825186201319748,
        "p_value": 4.5341773341841575e-06,
        "significant": "True",
        "n": 36
      },
      "bone_mean_thick": {
        "correlation": -0.6099588609958617,
        "p_value": 7.833356413295332e-05,
        "significant": "True",
        "n": 36
      }
    },
    "Normal_Max": {
      "age": {
        "correlation": 0.04909045086681921,
        "p_value": 0.7761657875846886,
        "significant": "False",
        "n": 36
      },
      "bone_volume": {
        "correlation": -0.5760908980373369,
        "p_value": 0.0002362318221857841,
        "significant": "True",
        "n": 36
      },
      "bone_mean_thick": {
        "correlation": -0.5562719761068757,
        "p_value": 0.00042693475479459555,
        "significant": "True",
        "n": 36
      }
    }
  },
  "regression_results": {
    "r_squared": 0.42196011442889236,
    "adjusted_r_squared": 0.36776887515660106,
    "f_statistic": 7.786500550553858,
    "f_p_value": 0.0004841959041263945,
    "coefficients": {
      "const": 0.5101099813646598,
      "age": -0.00019066952175945462,
      "bone_volume": -0.0005778437970685377,
      "bone_mean_thick": -0.003051219991819454
    },
    "p_values": {
      "const": 7.170534377996355e-11,
      "age": 0.7391714514450134,
      "bone_volume": 0.03986817545957474,
      "bone_mean_thick": 0.923123662361245
    },
    "standard_errors": {
      "const": 0.053497834806840255,
      "age": 0.000567711565772777,
      "bone_volume": 0.0002697152262730631,
      "bone_mean_thick": 0.03137060487397481
    },
    "n": 36,
    "model_summary": "                            OLS Regression Results                            \n==============================================================================\nDep. Variable:               ROI_Mean   R-squared:                       0.422\nModel:                            OLS   Adj. R-squared:                  0.368\nMethod:                 Least Squares   F-statistic:                     7.787\nDate:                Wed, 30 Jul 2025   Prob (F-statistic):           0.000484\nTime:                        19:57:45   Log-Likelihood:                 74.969\nNo. Observations:                  36   AIC:                            -141.9\nDf Residuals:                      32   BIC:                            -135.6\nDf Model:                           3                                         \nCovariance Type:            nonrobust                                         \n===================================================================================\n                      coef    std err          t      P>|t|      [0.025      0.975]\n-----------------------------------------------------------------------------------\nconst               0.5101      0.053      9.535      0.000       0.401       0.619\nage                -0.0002      0.001     -0.336      0.739      -0.001       0.001\nbone_volume        -0.0006      0.000     -2.142      0.040      -0.001   -2.85e-05\nbone_mean_thick    -0.0031      0.031     -0.097      0.923      -0.067       0.061\n==============================================================================\nOmnibus:                        0.254   Durbin-Watson:                   1.696\nProb(Omnibus):                  0.881   Jarque-Bera (JB):                0.449\nSkew:                          -0.080   Prob(JB):                        0.799\nKurtosis:                       2.477   Cond. No.                     3.35e+03\n==============================================================================\n\nNotes:\n[1] Standard Errors assume that the covariance matrix of the errors is correctly specified.\n[2] The condition number is large, 3.35e+03. This might indicate that there are\nstrong multicollinearity or other numerical problems."
  },
  "summary_report": "STATISTICAL ANALYSIS REPORT\n==================================================\n\nAnalysis Type: Q3\nTarget: Left_Insula\nOptimization: normal\n\nCORRELATION RESULTS:\n--------------------\nROI_Mean vs age: r = -0.150, p = 0.382 - Not significant\nROI_Mean vs bone_volume: r = -0.648, p = 0.000 - **SIGNIFICANT**\nROI_Mean vs bone_mean_thick: r = -0.578, p = 0.000 - **SIGNIFICANT**\nROI_Max vs age: r = 0.097, p = 0.572 - Not significant\nROI_Max vs bone_volume: r = -0.484, p = 0.003 - **SIGNIFICANT**\nROI_Max vs bone_mean_thick: r = -0.381, p = 0.022 - **SIGNIFICANT**\nNormal_Mean vs age: r = -0.117, p = 0.498 - Not significant\nNormal_Mean vs bone_volume: r = -0.683, p = 0.000 - **SIGNIFICANT**\nNormal_Mean vs bone_mean_thick: r = -0.610, p = 0.000 - **SIGNIFICANT**\nNormal_Max vs age: r = 0.049, p = 0.776 - Not significant\nNormal_Max vs bone_volume: r = -0.576, p = 0.000 - **SIGNIFICANT**\nNormal_Max vs bone_mean_thick: r = -0.556, p = 0.000 - **SIGNIFICANT**\n\nMULTIPLE REGRESSION RESULTS:\n-------------------------\nR\u00b2 = 0.422 (n = 36)\nF-statistic = 7.79, p = 0.000\n\nCoefficients:\n  const: 0.510 (p = 0.000) - **SIGNIFICANT**\n  age: -0.000 (p = 0.739) - Not significant\n  bone_volume: -0.001 (p = 0.040) - **SIGNIFICANT**\n  bone_mean_thick: -0.003 (p = 0.923) - Not significant\n"
}