{
  "analysis_info": {
    "analysis_type": "Q3_demographics",
    "target": "Left_Insula",
    "optimization_type": "max",
    "timestamp": "2025-07-29T23:56:35.134448",
    "n_participants": 36
  },
  "data_quality": {
    "n_participants": 36,
    "missing_values": {
      "Subject_ID": 0,
      "ROI_Mean": 0,
      "ROI_Max": 0,
      "Normal_Mean": 0,
      "Normal_Max": 0,
      "ROI_Focality": 0,
      "sex": 0,
      "age": 0,
      "bone_mean_thick": 0,
      "bone_volume": 0
    },
    "duplicates": "0",
    "numeric_columns": []
  },
  "correlation_results": {
    "ROI_Mean": {
      "age": {
        "correlation": 0.020381935121505088,
        "p_value": 0.9060773004089447,
        "significant": "False",
        "n": 36
      },
      "bone_volume": {
        "correlation": -0.6043061473003706,
        "p_value": 9.500572622145171e-05,
        "significant": "True",
        "n": 36
      },
      "bone_mean_thick": {
        "correlation": -0.5592440860074452,
        "p_value": 0.0003915998504346894,
        "significant": "True",
        "n": 36
      }
    },
    "ROI_Max": {
      "age": {
        "correlation": 0.008558506508905842,
        "p_value": 0.9604892761294228,
        "significant": "False",
        "n": 36
      },
      "bone_volume": {
        "correlation": -0.5649023694918864,
        "p_value": 0.00033145952292940755,
        "significant": "True",
        "n": 36
      },
      "bone_mean_thick": {
        "correlation": -0.522040942966271,
        "p_value": 0.0010921952665005003,
        "significant": "True",
        "n": 36
      }
    },
    "Normal_Mean": {
      "age": {
        "correlation": 0.0031218729226947517,
        "p_value": 0.9855828543745491,
        "significant": "False",
        "n": 36
      },
      "bone_volume": {
        "correlation": -0.5743782909643902,
        "p_value": 0.0002489988430801197,
        "significant": "True",
        "n": 36
      },
      "bone_mean_thick": {
        "correlation": -0.5362027760274071,
        "p_value": 0.0007494798048130635,
        "significant": "True",
        "n": 36
      }
    },
    "Normal_Max": {
      "age": {
        "correlation": 0.06019103855638276,
        "p_value": 0.7273016437281277,
        "significant": "False",
        "n": 36
      },
      "bone_volume": {
        "correlation": -0.517164995350385,
        "p_value": 0.0012387578750042666,
        "significant": "True",
        "n": 36
      },
      "bone_mean_thick": {
        "correlation": -0.5228537478455144,
        "p_value": 0.0010693132098125665,
        "significant": "True",
        "n": 36
      }
    }
  },
  "regression_results": {
    "r_squared": 0.4143831027044421,
    "adjusted_r_squared": 0.3594815185829836,
    "f_statistic": 7.5477440102220745,
    "f_p_value": 0.0005916651496495502,
    "coefficients": {
      "const": 0.4761265658756951,
      "age": 0.0009469441843959095,
      "bone_volume": -0.0006201203739796223,
      "bone_mean_thick": 0.00018345747027409542
    },
    "p_values": {
      "const": 5.846239019407082e-10,
      "age": 0.12182339328632874,
      "bone_volume": 0.03538580832578375,
      "bone_mean_thick": 0.9954203441927458
    },
    "standard_errors": {
      "const": 0.05462765849513988,
      "age": 0.0005958214191741484,
      "bone_volume": 0.00028227005006512733,
      "bone_mean_thick": 0.03171376116443542
    },
    "n": 36,
    "model_summary": "                            OLS Regression Results                            \n==============================================================================\nDep. Variable:               ROI_Mean   R-squared:                       0.414\nModel:                            OLS   Adj. R-squared:                  0.359\nMethod:                 Least Squares   F-statistic:                     7.548\nDate:                Tue, 29 Jul 2025   Prob (F-statistic):           0.000592\nTime:                        23:56:34   Log-Likelihood:                 75.731\nNo. Observations:                  36   AIC:                            -143.5\nDf Residuals:                      32   BIC:                            -137.1\nDf Model:                           3                                         \nCovariance Type:            nonrobust                                         \n===================================================================================\n                      coef    std err          t      P>|t|      [0.025      0.975]\n-----------------------------------------------------------------------------------\nconst               0.4761      0.055      8.716      0.000       0.365       0.587\nage                 0.0009      0.001      1.589      0.122      -0.000       0.002\nbone_volume        -0.0006      0.000     -2.197      0.035      -0.001   -4.52e-05\nbone_mean_thick     0.0002      0.032      0.006      0.995      -0.064       0.065\n==============================================================================\nOmnibus:                        0.435   Durbin-Watson:                   1.630\nProb(Omnibus):                  0.805   Jarque-Bera (JB):                0.366\nSkew:                          -0.227   Prob(JB):                        0.833\nKurtosis:                       2.806   Cond. No.                     3.52e+03\n==============================================================================\n\nNotes:\n[1] Standard Errors assume that the covariance matrix of the errors is correctly specified.\n[2] The condition number is large, 3.52e+03. This might indicate that there are\nstrong multicollinearity or other numerical problems."
  },
  "summary_report": "STATISTICAL ANALYSIS REPORT\n==================================================\n\nAnalysis Type: Q3\nTarget: Left_Insula\nOptimization: max\n\nCORRELATION RESULTS:\n--------------------\nROI_Mean vs age: r = 0.020, p = 0.906 - Not significant\nROI_Mean vs bone_volume: r = -0.604, p = 0.000 - **SIGNIFICANT**\nROI_Mean vs bone_mean_thick: r = -0.559, p = 0.000 - **SIGNIFICANT**\nROI_Max vs age: r = 0.009, p = 0.960 - Not significant\nROI_Max vs bone_volume: r = -0.565, p = 0.000 - **SIGNIFICANT**\nROI_Max vs bone_mean_thick: r = -0.522, p = 0.001 - **SIGNIFICANT**\nNormal_Mean vs age: r = 0.003, p = 0.986 - Not significant\nNormal_Mean vs bone_volume: r = -0.574, p = 0.000 - **SIGNIFICANT**\nNormal_Mean vs bone_mean_thick: r = -0.536, p = 0.001 - **SIGNIFICANT**\nNormal_Max vs age: r = 0.060, p = 0.727 - Not significant\nNormal_Max vs bone_volume: r = -0.517, p = 0.001 - **SIGNIFICANT**\nNormal_Max vs bone_mean_thick: r = -0.523, p = 0.001 - **SIGNIFICANT**\n\nMULTIPLE REGRESSION RESULTS:\n-------------------------\nR\u00b2 = 0.414 (n = 36)\nF-statistic = 7.55, p = 0.001\n\nCoefficients:\n  const: 0.476 (p = 0.000) - **SIGNIFICANT**\n  age: 0.001 (p = 0.122) - Not significant\n  bone_volume: -0.001 (p = 0.035) - **SIGNIFICANT**\n  bone_mean_thick: 0.000 (p = 0.995) - Not significant\n"
}