{
  "analysis_info": {
    "analysis_type": "Q3_demographics",
    "target": "Right_Hippocampus",
    "optimization_type": "max",
    "timestamp": "2025-07-30T00:35:30.771087",
    "n_participants": 36
  },
  "data_quality": {
    "n_participants": 36,
    "missing_values": {
      "Subject_ID": 0,
      "ROI_Mean": 0,
      "ROI_Max": 0,
      "ROI_Focality": 0,
      "sex": 0,
      "age": 0,
      "bone_mean_thick": 0,
      "bone_volume": 0
    },
    "duplicates": "0",
    "numeric_columns": []
  },
  "correlation_results": {
    "ROI_Mean": {
      "age": {
        "correlation": 0.006497215740435935,
        "p_value": 0.9700003521847261,
        "significant": "False",
        "n": 36
      },
      "bone_volume": {
        "correlation": -0.41011416688217983,
        "p_value": 0.012983836942454797,
        "significant": "True",
        "n": 36
      },
      "bone_mean_thick": {
        "correlation": -0.38733153024948525,
        "p_value": 0.019600795392352342,
        "significant": "True",
        "n": 36
      }
    },
    "ROI_Max": {
      "age": {
        "correlation": 0.0048022528000180795,
        "p_value": 0.9778242537923861,
        "significant": "False",
        "n": 36
      },
      "bone_volume": {
        "correlation": -0.43829618437869017,
        "p_value": 0.007500764968253841,
        "significant": "True",
        "n": 36
      },
      "bone_mean_thick": {
        "correlation": -0.4248441849886747,
        "p_value": 0.009801465920805476,
        "significant": "True",
        "n": 36
      }
    }
  },
  "regression_results": {
    "r_squared": 0.18893213837660394,
    "adjusted_r_squared": 0.11289452634941055,
    "f_statistic": 2.484719513666946,
    "f_p_value": 0.07846820162485568,
    "coefficients": {
      "const": 0.4216236192030826,
      "age": 0.0008094118483214809,
      "bone_volume": -0.0005266814262627751,
      "bone_mean_thick": -0.006002500982159348
    },
    "p_values": {
      "const": 3.876794423359625e-05,
      "age": 0.4074075537603725,
      "bone_volume": 0.25741830298804846,
      "bone_mean_thick": 0.9076178197437004
    },
    "standard_errors": {
      "const": 0.08839677630785321,
      "age": 0.0009641396713873554,
      "bone_volume": 0.00045676060738048105,
      "bone_mean_thick": 0.05131822100306006
    },
    "n": 36,
    "model_summary": "                            OLS Regression Results                            \n==============================================================================\nDep. Variable:               ROI_Mean   R-squared:                       0.189\nModel:                            OLS   Adj. R-squared:                  0.113\nMethod:                 Least Squares   F-statistic:                     2.485\nDate:                Wed, 30 Jul 2025   Prob (F-statistic):             0.0785\nTime:                        00:35:29   Log-Likelihood:                 58.404\nNo. Observations:                  36   AIC:                            -108.8\nDf Residuals:                      32   BIC:                            -102.5\nDf Model:                           3                                         \nCovariance Type:            nonrobust                                         \n===================================================================================\n                      coef    std err          t      P>|t|      [0.025      0.975]\n-----------------------------------------------------------------------------------\nconst               0.4216      0.088      4.770      0.000       0.242       0.602\nage                 0.0008      0.001      0.840      0.407      -0.001       0.003\nbone_volume        -0.0005      0.000     -1.153      0.257      -0.001       0.000\nbone_mean_thick    -0.0060      0.051     -0.117      0.908      -0.111       0.099\n==============================================================================\nOmnibus:                        1.146   Durbin-Watson:                   2.356\nProb(Omnibus):                  0.564   Jarque-Bera (JB):                0.818\nSkew:                          -0.367   Prob(JB):                        0.664\nKurtosis:                       2.913   Cond. No.                     3.52e+03\n==============================================================================\n\nNotes:\n[1] Standard Errors assume that the covariance matrix of the errors is correctly specified.\n[2] The condition number is large, 3.52e+03. This might indicate that there are\nstrong multicollinearity or other numerical problems."
  },
  "summary_report": "STATISTICAL ANALYSIS REPORT\n==================================================\n\nAnalysis Type: Q3\nTarget: Right_Hippocampus\nOptimization: max\n\nCORRELATION RESULTS:\n--------------------\nROI_Mean vs age: r = 0.006, p = 0.970 - Not significant\nROI_Mean vs bone_volume: r = -0.410, p = 0.013 - **SIGNIFICANT**\nROI_Mean vs bone_mean_thick: r = -0.387, p = 0.020 - **SIGNIFICANT**\nROI_Max vs age: r = 0.005, p = 0.978 - Not significant\nROI_Max vs bone_volume: r = -0.438, p = 0.008 - **SIGNIFICANT**\nROI_Max vs bone_mean_thick: r = -0.425, p = 0.010 - **SIGNIFICANT**\n\nMULTIPLE REGRESSION RESULTS:\n-------------------------\nR\u00b2 = 0.189 (n = 36)\nF-statistic = 2.48, p = 0.078\n\nCoefficients:\n  const: 0.422 (p = 0.000) - **SIGNIFICANT**\n  age: 0.001 (p = 0.407) - Not significant\n  bone_volume: -0.001 (p = 0.257) - Not significant\n  bone_mean_thick: -0.006 (p = 0.908) - Not significant\n"
}