{
  "analysis_info": {
    "analysis_type": "Q3_demographics",
    "target": "Right_Hippocampus",
    "optimization_type": "max",
    "timestamp": "2025-07-30T19:57:49.394019",
    "n_participants": 36
  },
  "data_quality": {
    "n_participants": 36,
    "missing_values": {
      "Subject_ID": 0,
      "ROI_Mean": 0,
      "ROI_Max": 0,
      "ROI_Focality": 0,
      "sex": 0,
      "age": 0,
      "bone_mean_thick": 0,
      "bone_volume": 0
    },
    "duplicates": "0",
    "numeric_columns": []
  },
  "correlation_results": {
    "ROI_Mean": {
      "age": {
        "correlation": -0.031656815933680166,
        "p_value": 0.8545757253072974,
        "significant": "False",
        "n": 36
      },
      "bone_volume": {
        "correlation": -0.41011416688217983,
        "p_value": 0.012983836942454797,
        "significant": "True",
        "n": 36
      },
      "bone_mean_thick": {
        "correlation": -0.38733153024948525,
        "p_value": 0.019600795392352342,
        "significant": "True",
        "n": 36
      }
    },
    "ROI_Max": {
      "age": {
        "correlation": -0.085308811171848,
        "p_value": 0.6208174591804548,
        "significant": "False",
        "n": 36
      },
      "bone_volume": {
        "correlation": -0.43829618437869017,
        "p_value": 0.007500764968253841,
        "significant": "True",
        "n": 36
      },
      "bone_mean_thick": {
        "correlation": -0.4248441849886747,
        "p_value": 0.009801465920805476,
        "significant": "True",
        "n": 36
      }
    }
  },
  "regression_results": {
    "r_squared": 0.17231784903667824,
    "adjusted_r_squared": 0.09472264738386682,
    "f_statistic": 2.2207281554301477,
    "f_p_value": 0.10481541171806866,
    "coefficients": {
      "const": 0.4433656522466739,
      "age": 0.00019967594027370293,
      "bone_volume": -0.00039584134055652533,
      "bone_mean_thick": -0.016673952545424198
    },
    "p_values": {
      "const": 1.1829834411240555e-05,
      "age": 0.8274494878213839,
      "bone_volume": 0.3659931948780891,
      "bone_mean_thick": 0.7419742314596653
    },
    "standard_errors": {
      "const": 0.08561977934798974,
      "age": 0.0009085851636850166,
      "bone_volume": 0.0004316615474938831,
      "bone_mean_thick": 0.05020659765055144
    },
    "n": 36,
    "model_summary": "                            OLS Regression Results                            \n==============================================================================\nDep. Variable:               ROI_Mean   R-squared:                       0.172\nModel:                            OLS   Adj. R-squared:                  0.095\nMethod:                 Least Squares   F-statistic:                     2.221\nDate:                Wed, 30 Jul 2025   Prob (F-statistic):              0.105\nTime:                        19:57:48   Log-Likelihood:                 58.039\nNo. Observations:                  36   AIC:                            -108.1\nDf Residuals:                      32   BIC:                            -101.7\nDf Model:                           3                                         \nCovariance Type:            nonrobust                                         \n===================================================================================\n                      coef    std err          t      P>|t|      [0.025      0.975]\n-----------------------------------------------------------------------------------\nconst               0.4434      0.086      5.178      0.000       0.269       0.618\nage                 0.0002      0.001      0.220      0.827      -0.002       0.002\nbone_volume        -0.0004      0.000     -0.917      0.366      -0.001       0.000\nbone_mean_thick    -0.0167      0.050     -0.332      0.742      -0.119       0.086\n==============================================================================\nOmnibus:                        0.272   Durbin-Watson:                   2.356\nProb(Omnibus):                  0.873   Jarque-Bera (JB):                0.426\nSkew:                          -0.168   Prob(JB):                        0.808\nKurtosis:                       2.586   Cond. No.                     3.35e+03\n==============================================================================\n\nNotes:\n[1] Standard Errors assume that the covariance matrix of the errors is correctly specified.\n[2] The condition number is large, 3.35e+03. This might indicate that there are\nstrong multicollinearity or other numerical problems."
  },
  "summary_report": "STATISTICAL ANALYSIS REPORT\n==================================================\n\nAnalysis Type: Q3\nTarget: Right_Hippocampus\nOptimization: max\n\nCORRELATION RESULTS:\n--------------------\nROI_Mean vs age: r = -0.032, p = 0.855 - Not significant\nROI_Mean vs bone_volume: r = -0.410, p = 0.013 - **SIGNIFICANT**\nROI_Mean vs bone_mean_thick: r = -0.387, p = 0.020 - **SIGNIFICANT**\nROI_Max vs age: r = -0.085, p = 0.621 - Not significant\nROI_Max vs bone_volume: r = -0.438, p = 0.008 - **SIGNIFICANT**\nROI_Max vs bone_mean_thick: r = -0.425, p = 0.010 - **SIGNIFICANT**\n\nMULTIPLE REGRESSION RESULTS:\n-------------------------\nR\u00b2 = 0.172 (n = 36)\nF-statistic = 2.22, p = 0.105\n\nCoefficients:\n  const: 0.443 (p = 0.000) - **SIGNIFICANT**\n  age: 0.000 (p = 0.827) - Not significant\n  bone_volume: -0.000 (p = 0.366) - Not significant\n  bone_mean_thick: -0.017 (p = 0.742) - Not significant\n"
}